{"cameraMode":{"drawMode":0,"name":"Shaded","section":"Shading Mode"},"sceneLighting":false,"audioPlay":false,"sceneViewState":{"m_AlwaysRefresh":false,"showFog":true,"showSkybox":false,"showFlares":true,"showImageEffects":true,"showParticleSystems":true,"showVisualEffectGraphs":true,"m_FxEnabled":true},"in2DMode":false,"pivot":{"x":-5.701725482940674,"y":3.65879225730896,"z":7.3248114585876469},"rotation":{"x":0.012650416232645512,"y":0.9609729051589966,"z":-0.041945505887269977,"w":0.2741328179836273},"size":1.6330125331878663,"orthographic":false}