{"cameraMode":{"drawMode":0,"name":"Shaded","section":"Shading Mode"},"sceneLighting":true,"audioPlay":false,"sceneViewState":{"m_AlwaysRefresh":false,"showFog":true,"showSkybox":true,"showFlares":true,"showImageEffects":true,"showParticleSystems":true,"showVisualEffectGraphs":true,"m_FxEnabled":true},"in2DMode":false,"pivot":{"x":31.539464950561525,"y":6.535404682159424,"z":10.697230339050293},"rotation":{"x":0.02413816563785076,"y":0.8794059753417969,"z":-0.4733770191669464,"w":0.044886454939842227},"size":10.386645317077637,"orthographic":false}