{"cameraMode":{"drawMode":0,"name":"Shaded","section":"Shading Mode"},"sceneLighting":true,"audioPlay":false,"sceneViewState":{"m_AlwaysRefresh":false,"showFog":true,"showSkybox":true,"showFlares":true,"showImageEffects":true,"showParticleSystems":true,"showVisualEffectGraphs":true,"m_FxEnabled":true},"in2DMode":false,"pivot":{"x":30.883115768432618,"y":1.9081215858459473,"z":21.595888137817384},"rotation":{"x":0.5263274908065796,"y":0.3384503126144409,"z":-0.2399757355451584,"w":0.7422330975532532},"size":11.168242454528809,"orthographic":false}