{"cameraMode":{"drawMode":0,"name":"Shaded","section":"Shading Mode"},"sceneLighting":true,"audioPlay":false,"sceneViewState":{"m_AlwaysRefresh":false,"showFog":true,"showSkybox":true,"showFlares":true,"showImageEffects":true,"showParticleSystems":true,"showVisualEffectGraphs":true,"m_FxEnabled":true},"in2DMode":false,"pivot":{"x":30.92057228088379,"y":7.073061943054199,"z":4.3438591957092289},"rotation":{"x":0.15500833094120027,"y":-0.8329083323478699,"z":0.44513240456581118,"w":0.29005441069602969},"size":3.2479074001312258,"orthographic":false}