{"cameraMode":{"drawMode":0,"name":"Shaded","section":"Shading Mode"},"sceneLighting":false,"audioPlay":false,"sceneViewState":{"m_AlwaysRefresh":false,"showFog":true,"showSkybox":false,"showFlares":true,"showImageEffects":true,"showParticleSystems":true,"showVisualEffectGraphs":true,"m_FxEnabled":true},"in2DMode":false,"pivot":{"x":1.663623332977295,"y":2.1481611728668215,"z":-4.250785827636719},"rotation":{"x":-0.10332179069519043,"y":0.0727258250117302,"z":-0.008082597516477108,"w":-0.9920789003372192},"size":-0.23744207620620728,"orthographic":false}