{"typeName":"PlayerData","pos":{"x":-34.234718322753909,"y":1.07999849319458,"z":-39.757720947265628}}