{"typeName":"PlayerData","pos":{"x":-42.89649963378906,"y":1.0799802541732789,"z":32.6282958984375}}