{"typeName":"PlayerData","pos":{"x":-40.14118957519531,"y":1.0799800157546998,"z":31.65140151977539}}