{"typeName":"PlayerData","pos":{"x":-63.2964973449707,"y":1.0799803733825684,"z":34.47257995605469}}