{"typeName":"PlayerData","pos":{"x":-40.451290130615237,"y":1.0799800157546998,"z":30.99526023864746}}