{"typeName":"PlayerData","pos":{"x":-31.88412094116211,"y":1.0799973011016846,"z":-41.78399658203125}}