{"typeName":"PlayerData","pos":{"x":-40.87535095214844,"y":1.0799798965454102,"z":30.41983985900879}}