{"typeName":"PlayerData","posX":-64.87651824951172,"posY":1.0799801349639893,"posZ":32.03801727294922}