{"typeName":"PlayerData","pos":{"x":-43.11079406738281,"y":1.0799801349639893,"z":32.57278060913086}}