{"typeName":"PlayerData","pos":{"x":-40.89873504638672,"y":1.0799800157546998,"z":31.81924057006836}}