{"cameraMode":{"drawMode":0,"name":"Shaded","section":"Shading Mode"},"sceneLighting":true,"audioPlay":false,"sceneViewState":{"m_AlwaysRefresh":false,"showFog":true,"showSkybox":true,"showFlares":true,"showImageEffects":true,"showParticleSystems":true,"showVisualEffectGraphs":true,"m_FxEnabled":true},"in2DMode":false,"pivot":{"x":-11.431178092956543,"y":-0.034867651760578158,"z":16.590301513671876},"rotation":{"x":0.08377701789140701,"y":-0.33258432149887087,"z":0.029196610674262048,"w":0.9392030239105225},"size":6.78717041015625,"orthographic":false}