{"cameraMode":{"drawMode":0,"name":"Shaded","section":"Shading Mode"},"sceneLighting":true,"audioPlay":false,"sceneViewState":{"m_AlwaysRefresh":false,"showFog":true,"showSkybox":true,"showFlares":true,"showImageEffects":true,"showParticleSystems":true,"showVisualEffectGraphs":true,"m_FxEnabled":true},"in2DMode":false,"pivot":{"x":1.4877510070800782,"y":1.6329725980758668,"z":0.05996513366699219},"rotation":{"x":0.15113875269889832,"y":-0.036768607795238498,"z":0.0061712306924164299,"w":0.988045334815979},"size":2.7247447967529299,"orthographic":false}